Western Governors University 4001 South 700 East, Salt Lake City, UT 84107
Western Governors University 4001 South 700 East, Salt Lake City, UT 84107
0.0
/
International Peace Gardens 1060 Dalton Ave S
Western Governors University 4001 South 700 East, Salt Lake City, UT 84107
7.2
International Peace Gardens 1060 Dalton Ave S
0.0
/
Sugar House Park 1330 2100 S
Western Governors University 4001 South 700 East, Salt Lake City, UT 84107
3.8
International Peace Gardens 1060 Dalton Ave S
7.1
Sugar House Park 1330 2100 S
0.0
/
Taylorsville-Bennion Heritage City Gov Off 1488 4800 S
Western Governors University 4001 South 700 East, Salt Lake City, UT 84107
11.0
International Peace Gardens 1060 Dalton Ave S
6.4
Sugar House Park 1330 2100 S
9.2
Taylorsville-Bennion Heritage City Gov Off 1488 4800 S
0.0
/
Salt Lake City Division of Health Services 177 W Price Ave
Western Governors University 4001 South 700 East, Salt Lake City, UT 84107
2.2
International Peace Gardens 1060 Dalton Ave S
6.0
Sugar House Park 1330 2100 S
4.4
Taylorsville-Bennion Heritage City Gov Off 1488 4800 S
5.6
Salt Lake City Division of Health Services 177 W Price Ave
0.0
/
South Salt Lake Public Works 195 W Oakland Ave
Western Governors University 4001 South 700 East, Salt Lake City, UT 84107
3.5
International Peace Gardens 1060 Dalton Ave S
4.8
Sugar House Park 1330 2100 S
2.8
Taylorsville-Bennion Heritage City Gov Off 1488 4800 S
6.9
Salt Lake City Division of Health Services 177 W Price Ave
1.9
South Salt Lake Public Works 195 W Oakland Ave
0.0
/
Salt Lake City Streets and Sanitation 2010 W 500 S
Western Governors University 4001 South 700 East, Salt Lake City, UT 84107
10.9
International Peace Gardens 1060 Dalton Ave S
1.6
Sugar House Park 1330 2100 S
8.6
Taylorsville-Bennion Heritage City Gov Off 1488 4800 S
8.6
Salt Lake City Division of Health Services 177 W Price Ave
7.9
South Salt Lake Public Works 195 W Oakland Ave
6.3
Salt Lake City Streets and Sanitation 2010 W 500 S
0.0
/
Deker Lake 2300 Parkway Blvd
Western Governors University 4001 South 700 East, Salt Lake City, UT 84107
8.6
International Peace Gardens 1060 Dalton Ave S
2.8
Sugar House Park 1330 2100 S
6.3
Taylorsville-Bennion Heritage City Gov Off 1488 4800 S
4.0
Salt Lake City Division of Health Services 177 W Price Ave
5.1
South Salt Lake Public Works 195 W Oakland Ave
4.3
Salt Lake City Streets and Sanitation 2010 W 500 S
4.0
Deker Lake 2300 Parkway Blvd
0.0
/
Salt Lake City Ottinger Hall 233 Canyon Rd
Western Governors University 4001 South 700 East, Salt Lake City, UT 84107
7.6
International Peace Gardens 1060 Dalton Ave S
4.8
Sugar House Park 1330 2100 S
5.3
Taylorsville-Bennion Heritage City Gov Off 1488 4800 S
11.1
Salt Lake City Division of Health Services 177 W Price Ave
7.5
South Salt Lake Public Works 195 W Oakland Ave
4.5
Salt Lake City Streets and Sanitation 2010 W 500 S
4.2
Deker Lake 2300 Parkway Blvd
7.7
Salt Lake City Ottinger Hall 233 Canyon Rd
0.0
/
Columbus Library 2530 S 500 E
Western Governors University 4001 South 700 East, Salt Lake City, UT 84107
2.8
International Peace Gardens 1060 Dalton Ave S
6.3
Sugar House Park 1330 2100 S
1.6
Taylorsville-Bennion Heritage City Gov Off 1488 4800 S
7.3
Salt Lake City Division of Health Services 177 W Price Ave
2.6
South Salt Lake Public Works 195 W Oakland Ave
1.5
Salt Lake City Streets and Sanitation 2010 W 500 S
8.0
Deker Lake 2300 Parkway Blvd
9.3
Salt Lake City Ottinger Hall 233 Canyon Rd
4.8
Columbus Library 2530 S 500 E
0.0
/
Taylorsville City Hall 2600 Taylorsville Blvd
Western Governors University 4001 South 700 East, Salt Lake City, UT 84107
6.4
International Peace Gardens 1060 Dalton Ave S
7.3
Sugar House Park 1330 2100 S
10.4
Taylorsville-Bennion Heritage City Gov Off 1488 4800 S
1.0
Salt Lake City Division of Health Services 177 W Price Ave
6.5
South Salt Lake Public Works 195 W Oakland Ave
8.7
Salt Lake City Streets and Sanitation 2010 W 500 S
8.6
Deker Lake 2300 Parkway Blvd
4.6
Salt Lake City Ottinger Hall 233 Canyon Rd
11.9
Columbus Library 2530 S 500 E
9.4
Taylorsville City Hall 2600 Taylorsville Blvd
0.0
/
South Salt Lake Police 2835 Main St
Western Governors University 4001 South 700 East, Salt Lake City, UT 84107
3.2
International Peace Gardens 1060 Dalton Ave S
5.3
Sugar House Park 1330 2100 S
3.0
Taylorsville-Bennion Heritage City Gov Off 1488 4800 S
6.4
Salt Lake City Division of Health Services 177 W Price Ave
1.5
South Salt Lake Public Works 195 W Oakland Ave
0.8
Salt Lake City Streets and Sanitation 2010 W 500 S
6.9
Deker Lake 2300 Parkway Blvd
4.8
Salt Lake City Ottinger Hall 233 Canyon Rd
4.7
Columbus Library 2530 S 500 E
1.1
Taylorsville City Hall 2600 Taylorsville Blvd
7.3
South Salt Lake Police 2835 Main St
0.0
/
Council Hall 300 State St
Western Governors University 4001 South 700 East, Salt Lake City, UT 84107
7.6
International Peace Gardens 1060 Dalton Ave S
4.8
Sugar House Park 1330 2100 S
5.3
Taylorsville-Bennion Heritage City Gov Off 1488 4800 S
11.1
Salt Lake City Division of Health Services 177 W Price Ave
7.5
South Salt Lake Public Works 195 W Oakland Ave
4.5
Salt Lake City Streets and Sanitation 2010 W 500 S
4.2
Deker Lake 2300 Parkway Blvd
7.7
Salt Lake City Ottinger Hall 233 Canyon Rd
0.6
Columbus Library 2530 S 500 E
5.1
Taylorsville City Hall 2600 Taylorsville Blvd
12.0
South Salt Lake Police 2835 Main St
4.7
Council Hall 300 State St
0.0
/
Redwood Park 3060 Lester St
Western Governors University 4001 South 700 East, Salt Lake City, UT 84107
5.2
International Peace Gardens 1060 Dalton Ave S
3.0
Sugar House Park 1330 2100 S
6.5
Taylorsville-Bennion Heritage City Gov Off 1488 4800 S
3.9
Salt Lake City Division of Health Services 177 W Price Ave
3.2
South Salt Lake Public Works 195 W Oakland Ave
3.9
Salt Lake City Streets and Sanitation 2010 W 500 S
4.2
Deker Lake 2300 Parkway Blvd
1.6
Salt Lake City Ottinger Hall 233 Canyon Rd
7.6
Columbus Library 2530 S 500 E
4.6
Taylorsville City Hall 2600 Taylorsville Blvd
4.9
South Salt Lake Police 2835 Main St
3.5
Council Hall 300 State St
7.3
Redwood Park 3060 Lester St
0.0
/
Salt Lake County Mental Health 3148 S 1100 W
Western Governors University 4001 South 700 East, Salt Lake City, UT 84107
4.4
International Peace Gardens 1060 Dalton Ave S
4.6
Sugar House Park 1330 2100 S
5.6
Taylorsville-Bennion Heritage City Gov Off 1488 4800 S
4.3
Salt Lake City Division of Health Services 177 W Price Ave
2.4
South Salt Lake Public Works 195 W Oakland Ave
3.0
Salt Lake City Streets and Sanitation 2010 W 500 S
8.0
Deker Lake 2300 Parkway Blvd
3.3
Salt Lake City Ottinger Hall 233 Canyon Rd
7.8
Columbus Library 2530 S 500 E
3.7
Taylorsville City Hall 2600 Taylorsville Blvd
5.2
South Salt Lake Police 2835 Main St
2.6
Council Hall 300 State St
7.8
Redwood Park 3060 Lester St
1.3
Salt Lake County Mental Health 3148 S 1100 W
0.0
/
Salt Lake County/United Police Dept 3365 S 900 W
Western Governors University 4001 South 700 East, Salt Lake City, UT 84107
3.7
International Peace Gardens 1060 Dalton Ave S
4.5
Sugar House Park 1330 2100 S
5.8
Taylorsville-Bennion Heritage City Gov Off 1488 4800 S
4.4
Salt Lake City Division of Health Services 177 W Price Ave
2.7
South Salt Lake Public Works 195 W Oakland Ave
3.8
Salt Lake City Streets and Sanitation 2010 W 500 S
5.8
Deker Lake 2300 Parkway Blvd
3.4
Salt Lake City Ottinger Hall 233 Canyon Rd
6.6
Columbus Library 2530 S 500 E
4.0
Taylorsville City Hall 2600 Taylorsville Blvd
5.4
South Salt Lake Police 2835 Main St
2.9
Council Hall 300 State St
6.6
Redwood Park 3060 Lester St
1.5
Salt Lake County Mental Health 3148 S 1100 W
0.6
Salt Lake County/United Police Dept 3365 S 900 W
0.0
/
West Valley Prosecutor 3575 W Valley Central Sta bus Loop
Western Governors University 4001 South 700 East, Salt Lake City, UT 84107
7.6
International Peace Gardens 1060 Dalton Ave S
7.4
Sugar House Park 1330 2100 S
5.7
Taylorsville-Bennion Heritage City Gov Off 1488 4800 S
7.2
Salt Lake City Division of Health Services 177 W Price Ave
1.4
South Salt Lake Public Works 195 W Oakland Ave
5.7
Salt Lake City Streets and Sanitation 2010 W 500 S
7.2
Deker Lake 2300 Parkway Blvd
3.1
Salt Lake City Ottinger Hall 233 Canyon Rd
7.2
Columbus Library 2530 S 500 E
6.7
Taylorsville City Hall 2600 Taylorsville Blvd
8.1
South Salt Lake Police 2835 Main St
6.3
Council Hall 300 State St
7.2
Redwood Park 3060 Lester St
4.0
Salt Lake County Mental Health 3148 S 1100 W
6.4
Salt Lake County/United Police Dept 3365 S 900 W
5.6
West Valley Prosecutor 3575 W Valley Central Sta bus Loop
0.0
/
Housing Auth. of Salt Lake County 3595 Main St
Western Governors University 4001 South 700 East, Salt Lake City, UT 84107
2.0
International Peace Gardens 1060 Dalton Ave S
6.0
Sugar House Park 1330 2100 S
4.1
Taylorsville-Bennion Heritage City Gov Off 1488 4800 S
5.3
Salt Lake City Division of Health Services 177 W Price Ave
0.5
South Salt Lake Public Works 195 W Oakland Ave
1.9
Salt Lake City Streets and Sanitation 2010 W 500 S
7.7
Deker Lake 2300 Parkway Blvd
5.1
Salt Lake City Ottinger Hall 233 Canyon Rd
5.9
Columbus Library 2530 S 500 E
2.3
Taylorsville City Hall 2600 Taylorsville Blvd
6.2
South Salt Lake Police 2835 Main St
1.2
Council Hall 300 State St
5.9
Redwood Park 3060 Lester St
3.2
Salt Lake County Mental Health 3148 S 1100 W
2.4
Salt Lake County/United Police Dept 3365 S 900 W
1.6
West Valley Prosecutor 3575 W Valley Central Sta bus Loop
7.1
Housing Auth. of Salt Lake County 3595 Main St
0.0
/
Utah DMV Administrative Office 380 W 2880 S
Western Governors University 4001 South 700 East, Salt Lake City, UT 84107
3.6
International Peace Gardens 1060 Dalton Ave S
5.0
Sugar House Park 1330 2100 S
3.6
Taylorsville-Bennion Heritage City Gov Off 1488 4800 S
6.0
Salt Lake City Division of Health Services 177 W Price Ave
1.7
South Salt Lake Public Works 195 W Oakland Ave
1.1
Salt Lake City Streets and Sanitation 2010 W 500 S
6.6
Deker Lake 2300 Parkway Blvd
4.6
Salt Lake City Ottinger Hall 233 Canyon Rd
5.4
Columbus Library 2530 S 500 E
1.8
Taylorsville City Hall 2600 Taylorsville Blvd
6.9
South Salt Lake Police 2835 Main St
1.0
Council Hall 300 State St
5.4
Redwood Park 3060 Lester St
3.0
Salt Lake County Mental Health 3148 S 1100 W
2.2
Salt Lake County/United Police Dept 3365 S 900 W
1.7
West Valley Prosecutor 3575 W Valley Central Sta bus Loop
6.1
Housing Auth. of Salt Lake County 3595 Main St
1.6
Utah DMV Administrative Office 380 W 2880 S
0.0
/
Third District Juvenile Court 410 S State St
Western Governors University 4001 South 700 East, Salt Lake City, UT 84107
6.5
International Peace Gardens 1060 Dalton Ave S
4.8
Sugar House Park 1330 2100 S
4.3
Taylorsville-Bennion Heritage City Gov Off 1488 4800 S
10.6
Salt Lake City Division of Health Services 177 W Price Ave
6.5
South Salt Lake Public Works 195 W Oakland Ave
3.5
Salt Lake City Streets and Sanitation 2010 W 500 S
3.2
Deker Lake 2300 Parkway Blvd
6.7
Salt Lake City Ottinger Hall 233 Canyon Rd
1.0
Columbus Library 2530 S 500 E
4.1
Taylorsville City Hall 2600 Taylorsville Blvd
11.5
South Salt Lake Police 2835 Main St
3.7
Council Hall 300 State St
1.0
Redwood Park 3060 Lester St
6.9
Salt Lake County Mental Health 3148 S 1100 W
6.8
Salt Lake County/United Police Dept 3365 S 900 W
6.4
West Valley Prosecutor 3575 W Valley Central Sta bus Loop
7.2
Housing Auth. of Salt Lake County 3595 Main St
4.9
Utah DMV Administrative Office 380 W 2880 S
4.4
Third District Juvenile Court 410 S State St
0.0
/
Cottonwood Regional Softball Complex 4300 S 1300 E
Western Governors University 4001 South 700 East, Salt Lake City, UT 84107
1.9
International Peace Gardens 1060 Dalton Ave S
9.5
Sugar House Park 1330 2100 S
3.3
Taylorsville-Bennion Heritage City Gov Off 1488 4800 S
5.9
Salt Lake City Division of Health Services 177 W Price Ave
3.2
South Salt Lake Public Works 195 W Oakland Ave
4.9
Salt Lake City Streets and Sanitation 2010 W 500 S
11.2
Deker Lake 2300 Parkway Blvd
8.1
Salt Lake City Ottinger Hall 233 Canyon Rd
8.5
Columbus Library 2530 S 500 E
3.8
Taylorsville City Hall 2600 Taylorsville Blvd
6.9
South Salt Lake Police 2835 Main St
4.1
Council Hall 300 State St
8.5
Redwood Park 3060 Lester St
6.2
Salt Lake County Mental Health 3148 S 1100 W
5.3
Salt Lake County/United Police Dept 3365 S 900 W
4.9
West Valley Prosecutor 3575 W Valley Central Sta bus Loop
10.6
Housing Auth. of Salt Lake County 3595 Main St
3.0
Utah DMV Administrative Office 380 W 2880 S
4.6
Third District Juvenile Court 410 S State St
7.5
Cottonwood Regional Softball Complex 4300 S 1300 E
0.0
/
Holiday City Office 4580 S 2300 E
Western Governors University 4001 South 700 East, Salt Lake City, UT 84107
3.4
International Peace Gardens 1060 Dalton Ave S
10.9
Sugar House Park 1330 2100 S
5.0
Taylorsville-Bennion Heritage City Gov Off 1488 4800 S
7.4
Salt Lake City Division of Health Services 177 W Price Ave
5.2
South Salt Lake Public Works 195 W Oakland Ave
6.9
Salt Lake City Streets and Sanitation 2010 W 500 S
12.7
Deker Lake 2300 Parkway Blvd
10.4
Salt Lake City Ottinger Hall 233 Canyon Rd
10.3
Columbus Library 2530 S 500 E
5.8
Taylorsville City Hall 2600 Taylorsville Blvd
8.3
South Salt Lake Police 2835 Main St
6.2
Council Hall 300 State St
10.3
Redwood Park 3060 Lester St
8.2
Salt Lake County Mental Health 3148 S 1100 W
7.4
Salt Lake County/United Police Dept 3365 S 900 W
6.9
West Valley Prosecutor 3575 W Valley Central Sta bus Loop
12.0
Housing Auth. of Salt Lake County 3595 Main St
5.0
Utah DMV Administrative Office 380 W 2880 S
6.6
Third District Juvenile Court 410 S State St
9.3
Cottonwood Regional Softball Complex 4300 S 1300 E
2.0
Holiday City Office 4580 S 2300 E
0.0
/
Murray City Museum 5025 State St
Western Governors University 4001 South 700 East, Salt Lake City, UT 84107
2.4
International Peace Gardens 1060 Dalton Ave S
8.3
Sugar House Park 1330 2100 S
6.1
Taylorsville-Bennion Heritage City Gov Off 1488 4800 S
4.7
Salt Lake City Division of Health Services 177 W Price Ave
2.5
South Salt Lake Public Works 195 W Oakland Ave
4.2
Salt Lake City Streets and Sanitation 2010 W 500 S
10.0
Deker Lake 2300 Parkway Blvd
7.8
Salt Lake City Ottinger Hall 233 Canyon Rd
7.8
Columbus Library 2530 S 500 E
4.3
Taylorsville City Hall 2600 Taylorsville Blvd
4.1
South Salt Lake Police 2835 Main St
3.4
Council Hall 300 State St
7.8
Redwood Park 3060 Lester St
5.5
Salt Lake County Mental Health 3148 S 1100 W
4.6
Salt Lake County/United Police Dept 3365 S 900 W
4.2
West Valley Prosecutor 3575 W Valley Central Sta bus Loop
9.4
Housing Auth. of Salt Lake County 3595 Main St
2.3
Utah DMV Administrative Office 380 W 2880 S
3.9
Third District Juvenile Court 410 S State St
6.8
Cottonwood Regional Softball Complex 4300 S 1300 E
2.9
Holiday City Office 4580 S 2300 E
4.4
Murray City Museum 5025 State St
0.0
/
Valley Regional Softball Complex 5100 South 2700 West
Western Governors University 4001 South 700 East, Salt Lake City, UT 84107
6.4
International Peace Gardens 1060 Dalton Ave S
6.9
Sugar House Park 1330 2100 S
9.7
Taylorsville-Bennion Heritage City Gov Off 1488 4800 S
0.6
Salt Lake City Division of Health Services 177 W Price Ave
6.0
South Salt Lake Public Works 195 W Oakland Ave
9.0
Salt Lake City Streets and Sanitation 2010 W 500 S
8.2
Deker Lake 2300 Parkway Blvd
4.2
Salt Lake City Ottinger Hall 233 Canyon Rd
11.5
Columbus Library 2530 S 500 E
7.8
Taylorsville City Hall 2600 Taylorsville Blvd
0.4
South Salt Lake Police 2835 Main St
6.9
Council Hall 300 State St
11.5
Redwood Park 3060 Lester St
4.4
Salt Lake County Mental Health 3148 S 1100 W
4.8
Salt Lake County/United Police Dept 3365 S 900 W
5.6
West Valley Prosecutor 3575 W Valley Central Sta bus Loop
7.5
Housing Auth. of Salt Lake County 3595 Main St
5.5
Utah DMV Administrative Office 380 W 2880 S
6.5
Third District Juvenile Court 410 S State St
11.4
Cottonwood Regional Softball Complex 4300 S 1300 E
6.4
Holiday City Office 4580 S 2300 E
7.9
Murray City Museum 5025 State St
4.5
Valley Regional Softball Complex 5100 South 2700 West
0.0
/
City Center of Rock Springs 5383 South 900 East #104
Western Governors University 4001 South 700 East, Salt Lake City, UT 84107
2.4
International Peace Gardens 1060 Dalton Ave S
10.0
Sugar House Park 1330 2100 S
6.1
Taylorsville-Bennion Heritage City Gov Off 1488 4800 S
6.4
Salt Lake City Division of Health Services 177 W Price Ave
4.2
South Salt Lake Public Works 195 W Oakland Ave
5.9
Salt Lake City Streets and Sanitation 2010 W 500 S
11.7
Deker Lake 2300 Parkway Blvd
9.5
Salt Lake City Ottinger Hall 233 Canyon Rd
9.5
Columbus Library 2530 S 500 E
4.8
Taylorsville City Hall 2600 Taylorsville Blvd
4.9
South Salt Lake Police 2835 Main St
5.2
Council Hall 300 State St
9.5
Redwood Park 3060 Lester St
7.2
Salt Lake County Mental Health 3148 S 1100 W
6.3
Salt Lake County/United Police Dept 3365 S 900 W
5.9
West Valley Prosecutor 3575 W Valley Central Sta bus Loop
11.1
Housing Auth. of Salt Lake County 3595 Main St
4.0
Utah DMV Administrative Office 380 W 2880 S
5.6
Third District Juvenile Court 410 S State St
8.5
Cottonwood Regional Softball Complex 4300 S 1300 E
2.8
Holiday City Office 4580 S 2300 E
3.4
Murray City Museum 5025 State St
1.7
Valley Regional Softball Complex 5100 South 2700 West
5.4
City Center of Rock Springs 5383 South 900 East #104
0.0
/
Rice Terrace Pavilion Park 600 E 900 South
Western Governors University 4001 South 700 East, Salt Lake City, UT 84107
5.0
International Peace Gardens 1060 Dalton Ave S
4.4
Sugar House Park 1330 2100 S
2.8
Taylorsville-Bennion Heritage City Gov Off 1488 4800 S
10.1
Salt Lake City Division of Health Services 177 W Price Ave
5.4
South Salt Lake Public Works 195 W Oakland Ave
3.5
Salt Lake City Streets and Sanitation 2010 W 500 S
5.1
Deker Lake 2300 Parkway Blvd
6.2
Salt Lake City Ottinger Hall 233 Canyon Rd
2.8
Columbus Library 2530 S 500 E
3.2
Taylorsville City Hall 2600 Taylorsville Blvd
11.0
South Salt Lake Police 2835 Main St
3.7
Council Hall 300 State St
2.8
Redwood Park 3060 Lester St
6.4
Salt Lake County Mental Health 3148 S 1100 W
6.5
Salt Lake County/United Police Dept 3365 S 900 W
5.7
West Valley Prosecutor 3575 W Valley Central Sta bus Loop
6.2
Housing Auth. of Salt Lake County 3595 Main St
5.1
Utah DMV Administrative Office 380 W 2880 S
4.3
Third District Juvenile Court 410 S State St
1.8
Cottonwood Regional Softball Complex 4300 S 1300 E
6.0
Holiday City Office 4580 S 2300 E
7.9
Murray City Museum 5025 State St
6.8
Valley Regional Softball Complex 5100 South 2700 West
10.6
City Center of Rock Springs 5383 South 900 East #104
7.0
Rice Terrace Pavilion Park 600 E 900 South
0.0
/
Wheeler Historic Farm 6351 South 900 East
Western Governors University 4001 South 700 East, Salt Lake City, UT 84107
3.6
International Peace Gardens 1060 Dalton Ave S
13.0
Sugar House Park 1330 2100 S
7.4
Taylorsville-Bennion Heritage City Gov Off 1488 4800 S
10.1
Salt Lake City Division of Health Services 177 W Price Ave
5.5
South Salt Lake Public Works 195 W Oakland Ave
7.2
Salt Lake City Streets and Sanitation 2010 W 500 S
14.2
Deker Lake 2300 Parkway Blvd
10.7
Salt Lake City Ottinger Hall 233 Canyon Rd
14.1
Columbus Library 2530 S 500 E
6.0
Taylorsville City Hall 2600 Taylorsville Blvd
6.8
South Salt Lake Police 2835 Main St
6.4
Council Hall 300 State St
14.1
Redwood Park 3060 Lester St
10.5
Salt Lake County Mental Health 3148 S 1100 W
8.8
Salt Lake County/United Police Dept 3365 S 900 W
8.4
West Valley Prosecutor 3575 W Valley Central Sta bus Loop
13.6
Housing Auth. of Salt Lake County 3595 Main St
5.2
Utah DMV Administrative Office 380 W 2880 S
6.9
Third District Juvenile Court 410 S State St
13.1
Cottonwood Regional Softball Complex 4300 S 1300 E
4.1
Holiday City Office 4580 S 2300 E
4.7
Murray City Museum 5025 State St
3.1
Valley Regional Softball Complex 5100 South 2700 West
7.8
City Center of Rock Springs 5383 South 900 East #104
1.3
Rice Terrace Pavilion Park 600 E 900 South
8.3
Wheeler Historic Farm 6351 South 900 East
0.0
/